
{
    "region" : "us-east-2",
    "configuration" : "Debug",
    "framework"     : "net6.0",
    "self-contained" : false,
    "application"    : "ApiProjectManagement",
    "environment"    : "ApiProjectManagement-prod",
    "app-path"       : "/",
    "iis-website"    : "Default Web Site",
    "enable-xray"    : false,
    "enhanced-health-type" : "basic",
    "additional-options"   : "\"aws:autoscaling:launchconfiguration,SecurityGroups\"=\"sg-08e8e5e7701274deb\";\"aws:ec2:vpc,Subnets\"=\"subnet-09534c9008944c6b4\"",
    "solution-stack"       : "64bit Windows Server Core 2019 v2.11.8 running IIS 10.0",
    "environment-type"     : "SingleInstance",
    "cname"                : "apiprojectmanagement-prod",
    "instance-type"        : "t2.micro",
    "key-pair"             : "",
    "instance-profile"     : "aws-elasticbeanstalk-ec2-role",
    "service-role"         : "aws-elasticbeanstalk-service-role"
}